/lengow.php|8bfd39cb79fbbfcc9d1d9f26c74ceffb
/config/index.php|d41d8cd98f00b204e9800998ecf8427e
/assets/images/home-orders.png|db05b21ec6b166d844b42c0e807cb265
/assets/images/lengow-white.png|0324647d065652cd15282d7fac4ef8ff
/assets/images/tick.png|93392d528788c75f2c61f48632e3a93e
/assets/images/home-products.png|99ff45448ea094f8c70b58a0cd4d9303
/assets/images/logo-blue.png|20c05b7249c00f126861223ecc5b6ce9
/assets/images/picto-stats.png|c5c5b92b4b09579b02b856b897ded428
/assets/images/lengow-white-big.png|6e6178f2db21104a157aebb27f9a5ca2
/assets/images/home-settings.png|4f7751e943137d3c10b71da358f7b1d7
/assets/css/lengow-components.css|d878d1d942339fc899710c53ae4f796d
/assets/css/font-awesome.css|bf4b58c946c9234e4a6b9f7a70d38006
/assets/css/toolbox.css|1d6f866fca6e0b0e33d569844c1cff26
/assets/css/bootstrap-3.3.6.css|2f624089c65f12185e79925bc5a7fc42
/assets/css/tagit.css|b68adfd33603afaf5adc32d92b8ba991
/assets/css/lengow-layout.css|e144e37686bd94d34a1b63d9553832aa
/assets/css/select2.css|8969ac4614d64a13dfc32e1eb4e731f7
/assets/css/lengow-pages.css|a10555fe185910f733c2600cb3e703b1
/assets/fonts/fontawesome-webfont.ttf|a3de2170e4e9df77161ea5d3f31b2668
/assets/fonts/fontawesome-webfont.woff|a35720c2fed2c7f043bc7e4ffb45e073
/assets/fonts/fontawesome-webfont.woff2|db812d8a70a4e88e888744c1c9a27e89
/assets/fonts/FontAwesome.otf|87d8ca3ddc57e7d2da6226e480f90457
/assets/fonts/fontawesome-webfont.svg|f775f9cca88e21d45bebe185b27c0e5b
/assets/fonts/fontawesome-webfont.eot|32400f4e08932a94d8bfd2422702c446
/assets/js/bootstrap.min.js|bed31fb959612a0a77d8e87b9d0b3683
/assets/js/select2.js|fc6ada6e297531c8e4e3e3f3edc79207
/assets/js/bootstrap_v3.min.js|5869c96cc8f19086aee625d670d741f9
/assets/js/lengow/home.js|2b8688393cb4b03c9c8471cf6ef601cc
/assets/js/lengow/products.js|c19fdf3f06bcbe651edb85d3e6646ad0
/assets/js/lengow/admin.js|ece687253e517710d4359f7c92e65832
/assets/js/lengow/orders.js|bffcc8fabddf9d1030f261848c295886
/assets/js/lengow/main_setting.js|ecfd175e91ddbc585b9c857888908c9f
/includes/class-lengow-order.php|d6272f6bb4b121464df140da1456add6
/includes/class-lengow-feed.php|1c9f6db228885ce211727c067ec0ad97
/includes/class-lengow-export.php|23bcdb32b4e29477b86308acddfe4d3d
/includes/class-lengow-check.php|0d99e3ff1e6c3b8cc340ffe78d5be2fc
/includes/class-lengow-configuration.php|e27f9fb0c610abb0ca7b650f5e40056a
/includes/class-lengow-exception.php|a436a14aa00758bcacc96c17d198fe57
/includes/class-lengow-marketplace.php|830c4f72782061067129d4fb6d917b07
/includes/class-lengow-import.php|993fc12122b716693505e04c3570f182
/includes/class-lengow-translation.php|745a4445e79425ed6c67bbe7242cfa7e
/includes/class-lengow-connector.php|371890659a0afdae85e061392eea8009
/includes/class-lengow-sync.php|e627d562ddbac18b4217376ae733977a
/includes/class-lengow-main.php|944fd19f3497ced412c840f1d3038247
/includes/admin/class-lengow-admin-products.php|23a480f3be3cd668cd539cb2cb61cec1
/includes/admin/class-lengow-admin-settings.php|35ffc4534f9618f164573d44207b1859
/includes/admin/class-lengow-admin-legals.php|bf40d1bf8c0992e6830c941ab651441e
/includes/admin/class-lengow-admin-dashboard.php|e5a2a9bf0df0de5a84aa64997d1f1538
/includes/admin/class-lengow-admin-orders.php|66e8827624338b7118dc23af79c8070b
/includes/admin/views/html-admin-header.php|3049fdc57527bacb33d2ca88284fba11
/includes/admin/views/legals/html-admin-legals.php|d8624c2538a242a8cb1d552b2047193a
/includes/admin/views/orders/html-admin-orders.php|00cdd98525998ad4fdf48523e0608c7b
/includes/admin/views/products/html-admin-products.php|bdf6e88221e561c9cf921b8971e9410b
/includes/admin/views/html-admin-footer.php|ec2893e2e2d830f8f11ab4a1f86ec26b
/includes/admin/views/dashboard/html-admin-dashboard.php|ca65317443db8daaa937065ae0949c9b
/includes/admin/views/dashboard/html-admin-new.php|69b3e2d955c5222182672884020478c7
/includes/admin/views/dashboard/html-admin-status.php|a3453b368ec713db9fb10b6d41ee1ef7
/includes/admin/views/settings/html-admin-settings.php|948758380eea9e19d9af7eec79857433
/includes/admin/views/help/html-admin-help.php|c3123ee38a21c7a6d0ea22be2661ee08
/includes/admin/class-lengow-admin-help.php|f96a4b1696770c30fce9a0b2f606ed52
/includes/admin/class-lengow-admin.php|b90c4509f7d69a495d94a8b9cce09a20
/includes/class-lengow-install.php|84effc0d553aa2def67a363ef1a22a44
/includes/class-lengow-log.php|19d9bbbf2ed3b79bd7ebfa5f6e669545
/includes/class-lengow-import-order.php|85df4834ef0364b0ce7a9b6981e7d1b7
/includes/class-lengow-product.php|f2671cdeb189545bb8dd5700d676139e
/includes/class-lengow-file.php|4cd348c738dc0a2792883c0c18e98587
/languages/lengow-fr_FR.mo|6f968e5b0b7561c9408381b850c44415
/languages/lengow-fr_FR.po|748a3a41182fe741efd5580e47367b5f
/toolbox/checksum.php|d8f04f8409c22cde151e1a946a64df54
/toolbox/log.php|ae9a165d3b73f7849212d4f5c3c354c7
/toolbox/views/head.php|0a127c2eeaab700d285860647d312802
/toolbox/views/header.php|7c0f3bc656ae39b21c9eac7a25117b57
/toolbox/views/footer.php|4d214dd44eaca17a5b8c100a0cee7ebc
/toolbox/index.php|2e095e8125b6a24392b242e93ddd571c
/upgrade/update_2.0.1.php|15010eb865a876bb961543506f00e101
/upgrade/update_2.0.0.php|7a9b5bfa6ae2b82125a75478b47dc7bd
/webservice/cron.php|6e406311ed63080ad7ac06659be23de7
/webservice/export.php|61312e791188873699211b0f95dd94fa
