/lengow.php|c8b9463b5f9f20c08e00ac80ea4f49c8
/config/index.php|d41d8cd98f00b204e9800998ecf8427e
/translations/en_GB.csv|bea8e56b6fa42edaf649c1999f860c06
/translations/fr_FR.csv|ab22085efb737662f5d02f1ae0f74244
/assets/js/select2.js|fc6ada6e297531c8e4e3e3f3edc79207
/assets/js/bootstrap.min.js|5869c96cc8f19086aee625d670d741f9
/assets/js/lengow/admin.js|9035e11aedf03c95bc85083a73ccad18
/assets/js/lengow/products.js|d74c9f346673c15ef90c3037719f74bd
/assets/js/lengow/connection.js|ac32889386eb999a452a1bba791fcb33
/assets/js/lengow/main_setting.js|eed3d95e851120cffc22183a8d6c217a
/assets/js/lengow/toolbox.js|a8484f2acb07c0bddf661e8b0f0a0b01
/assets/js/lengow/order_box.js|c2dc96359090c92e8e0d6d715bd50677
/assets/js/lengow/order_setting.js|32d887deb1e15764183f88f7aeb2ba2a
/assets/js/lengow/orders.js|2ea4ea81cb83ebc42f19ee482b9f931f
/assets/js/bootstrap-datepicker.js|a6999445e0d313c57e829feca6277155
/assets/images/connected-woocommerce.png|a55ad573057b265162b47aea27935140
/assets/images/bag.png|d812d529e1b5404cf7b92d4f36ab7abd
/assets/images/connection-module.png|edb3364c8b46d07cbaa7192944f01475
/assets/images/plug-grey.png|4231ef1a002a23decaa0e3e292a417fc
/assets/images/modal-close.png|32cadb3a7cfff33ff4d79b53b817f8e2
/assets/images/home-orders.png|db05b21ec6b166d844b42c0e807cb265
/assets/images/plugin-update.png|a350fb0045bd61298a90268d0026e022
/assets/images/lengow-blue.png|fae0834ea05ab923912a47bbcb3af59b
/assets/images/unplugged.png|55b5eeee08952d538185a659abbbb932
/assets/images/plane.png|7d27896af3e0f3cf6e353cccef8f8267
/assets/images/clock.png|499ea8d7905f77624cb64b1af3f955b5
/assets/images/lengow-white.png|0324647d065652cd15282d7fac4ef8ff
/assets/images/flag/XK.png|6d8d386104193e251f4c3077e5bf5d3b
/assets/images/flag/PE.png|2213daa82fbd4344c53ed14272064ed3
/assets/images/flag/PY.png|47ba6b57d21f58b4e206251230b19ac8
/assets/images/flag/MO.png|9e22cff886b227b7c66a7299cee60c4a
/assets/images/flag/VI.png|e69dce8e3db81cbc4e43f41b41eb5de7
/assets/images/flag/GN.png|37244e09a030931a398207bbed599818
/assets/images/flag/BH.png|4c735715f2b57bf14008bc277ba43c51
/assets/images/flag/PA.png|9407681f91e287935c4a7f987da34c63
/assets/images/flag/RU.png|784a2a8638e99ff3e7d229be90b4f420
/assets/images/flag/EG.png|22e30f3af14155502c2f4a4819bcf799
/assets/images/flag/JO.png|30a9129bf6502226ba7fd9da08e4b35c
/assets/images/flag/SI.png|87f0819a7674137b062db99f7b888af7
/assets/images/flag/LA.png|73e8e91f8cec75bc2cb582effb937212
/assets/images/flag/CF.png|5f181e4dc309c220174c64376759a89a
/assets/images/flag/SD.png|fa421effd81aa5f626083d0b2474853b
/assets/images/flag/DJ.png|5ddb0d34fd83107a3d83e18880fa0305
/assets/images/flag/BE.png|a538d77b0d0e599095ca6db2ada1c2f3
/assets/images/flag/ME.png|b9d7ebeaa14eaf5c2132098e57ac3b3a
/assets/images/flag/GM.png|d5273ab5a2bb48c0678db55894849363
/assets/images/flag/IL.png|ca066a0cb246da38676b6a4930b29971
/assets/images/flag/AU.png|ab3991ad7489bf384fb5446222bb48c6
/assets/images/flag/GQ.png|a3535b533b2af91719ba770f308ceb67
/assets/images/flag/BV.png|2f9326738982ae4876fc7f0f0960c77e
/assets/images/flag/IR.png|304c0bf838a4fbc343b85f2a0c252d1b
/assets/images/flag/ST.png|c879c939fdce2c819a2f80f1680580d2
/assets/images/flag/VC.png|04d50353949376995d0ca8827fd35241
/assets/images/flag/BN.png|54fbed23e5e0467e10530f00e5a53d8a
/assets/images/flag/AR.png|2c0793e851675c4178e6c623bedada68
/assets/images/flag/VG.png|cd80422040f3569cdee8fe37c9ac233b
/assets/images/flag/DK.png|4c8c04806671345cacfabbd0781aaa64
/assets/images/flag/CM.png|7944de5a7885828172fe267c5f0bd666
/assets/images/flag/IE.png|6882a56174318552db95a58dc4bc295c
/assets/images/flag/ES.png|6db63d7e4bee7add3ead8eb95c9668e8
/assets/images/flag/CC.png|7fecb4864f239d8d672d4dd0c780797c
/assets/images/flag/CO.png|e9239e0e2019b75b50908273696037a5
/assets/images/flag/MR.png|88251c8ae9701c1c130b51c206462216
/assets/images/flag/LS.png|424c47d3ce5111e4f646abcfafc652be
/assets/images/flag/MX.png|4585eaa23399ff97b0edddebc9548733
/assets/images/flag/MW.png|eaadfcd54efd99816aa1e98cde55b48a
/assets/images/flag/SY.png|5f25bd15bf8a63c5f55b36a63ad029b5
/assets/images/flag/TD.png|c09a11652d7215dbbb86b9f2e08e1eaa
/assets/images/flag/NL.png|f9da0a905e9fec2ff6a12d52b0bae61c
/assets/images/flag/KM.png|130b19dbbed58a2896335af73c1a7ff2
/assets/images/flag/NU.png|d89e7c94b030bb809a10231c0ee38e8e
/assets/images/flag/CR.png|fb27f4596f9ac16b951e0f017dbeaa2b
/assets/images/flag/LY.png|cc1fe9b7e51a1ffa91c5f79d26043a25
/assets/images/flag/PR.png|587404b281120855ff304375851e3793
/assets/images/flag/VE.png|60739b59a02254e88e103f154f434087
/assets/images/flag/BZ.png|9481ccc9362b14353caa982b525793a8
/assets/images/flag/TV.png|87b460b75260e3da93f06e56840a95b9
/assets/images/flag/CL.png|6e05e10bbad0945a6a0ac4f72de351bd
/assets/images/flag/LI.png|ba8539c6542d4d7e443a10f91bea414c
/assets/images/flag/HT.png|3dd1a60ae95e7348b00fa8c1bffd0258
/assets/images/flag/HK.png|9e22cff886b227b7c66a7299cee60c4a
/assets/images/flag/VN.png|8c03bf96d845425cda900ed4cf965193
/assets/images/flag/TC.png|1988184525b5d9410d8bbc07fca834c0
/assets/images/flag/MQ.png|cc1fc719aa70170cf59aa97989f32fca
/assets/images/flag/ER.png|098530d2dfadf464e46eeb7b67f88391
/assets/images/flag/SV.png|7f337fe073caff1ecb41acae6a9d1e3d
/assets/images/flag/GI.png|ecfd4b85afd85b8bf8c531f8e6255cae
/assets/images/flag/SN.png|1a524290e23411b9f33e2e4426cb2d40
/assets/images/flag/NF.png|380b2fedcc87649ed83992a0e8fcfcc8
/assets/images/flag/AS.png|6e81163a35de2f77ef3feb9ff4c36819
/assets/images/flag/GD.png|2f520ce09043643b7252eb0ce75a3d0c
/assets/images/flag/PM.png|cc1fc719aa70170cf59aa97989f32fca
/assets/images/flag/EH.png|64c0643f5f65257b22dd3bb070d3acf5
/assets/images/flag/NR.png|0d5e83ccb1ccd3a8f02fc61acaa6e47b
/assets/images/flag/MU.png|026a9a35bf226c5466e85912d37c80ec
/assets/images/flag/DM.png|863a58ff3765e2285d6b2f519620640e
/assets/images/flag/PK.png|bb24b773e81e7daebc3ba3e263e67c20
/assets/images/flag/FJ.png|dabe04af951004527f0b1094cfd218d1
/assets/images/flag/CD.png|1a91773608e0dc37943f2e3b64e2fd74
/assets/images/flag/ET.png|a8ccdaec951da596214f55351e1ce618
/assets/images/flag/TR.png|ae9e141ce534888b8b298f3a63d36e38
/assets/images/flag/KZ.png|1944b754503564c281ce18e5902229e9
/assets/images/flag/UY.png|bb2ddc17d73acbc625c0ec8ab5ff51c4
/assets/images/flag/GP.png|cc1fc719aa70170cf59aa97989f32fca
/assets/images/flag/BG.png|aad68b8269f4c43558b53089c6e42d71
/assets/images/flag/UM.png|6c26816f5aaeae7d369b60fce14da9db
/assets/images/flag/FR.png|cc1fc719aa70170cf59aa97989f32fca
/assets/images/flag/LV.png|48efa49e2a85e9c077be41542ad17a1a
/assets/images/flag/JP.png|e6f8733f45d9c7ac9dcf834aba625cbb
/assets/images/flag/GU.png|49c3a9df1fe4d853a0a5fc76e3270b20
/assets/images/flag/DE.png|d8cd6c8e3fa88c3a5d71aade7691711d
/assets/images/flag/ZZ.png|737e91fb2b9da9e69ab2495a49cce79d
/assets/images/flag/SR.png|0a74189d8580fae462170f51fdfd5b9b
/assets/images/flag/TN.png|fb43183a6891caf1600763cb51cde4a5
/assets/images/flag/GL.png|4c8c04806671345cacfabbd0781aaa64
/assets/images/flag/TK.png|3f70b39454fe3d56ea975185438edeb0
/assets/images/flag/TT.png|3dd6607f691fdc7244b08e30f9cb5266
/assets/images/flag/KI.png|da6b34f01691dfaaad7424078d741a6a
/assets/images/flag/MF.png|cc1fc719aa70170cf59aa97989f32fca
/assets/images/flag/BM.png|9dd3a4a2f7082b5ec1d62888cc091c49
/assets/images/flag/IT.png|42d6ced0776d3c3ea8295b704202ff44
/assets/images/flag/BO.png|4e5e360f3cfec693bddd39707f79254a
/assets/images/flag/MP.png|6c26816f5aaeae7d369b60fce14da9db
/assets/images/flag/PH.png|38df9e3c0944ffe4d5b015be95793be5
/assets/images/flag/JE.png|3d4f6a61cc22ad5a77b4cbe36c26c9d7
/assets/images/flag/MV.png|ba000bb35f554921cf272250f30c2e10
/assets/images/flag/AO.png|835be1589972b119e2a3aea772e21a18
/assets/images/flag/AX.png|6bfdcba08d5eac28c8b2f444d403fbd7
/assets/images/flag/TL.png|e782b6cfd00d15f709104755f400a578
/assets/images/flag/CV.png|0e39eebc150f3825588ebd015b958372
/assets/images/flag/IO.png|1c5a9a59d014fad88383a6d864458bc8
/assets/images/flag/SS.png|83ab553ec6ed1454b5523b9bb5f9e4f9
/assets/images/flag/PF.png|cc1fc719aa70170cf59aa97989f32fca
/assets/images/flag/SC.png|59f0b2fdc9c66ca24e723225fea73c3f
/assets/images/flag/JR.png|532ea8b20fa31e751d81f819d1e6774d
/assets/images/flag/BB.png|a0a004f000c7ea6ab8d150959ac8d3fe
/assets/images/flag/GH.png|748acbf0e69a5b10243d3ef200d9ea7f
/assets/images/flag/NI.png|7f337fe073caff1ecb41acae6a9d1e3d
/assets/images/flag/CX.png|3f3aba1069496a40934637cf4b4f766c
/assets/images/flag/YE.png|393dee2beda492bbdae758640b615561
/assets/images/flag/CG.png|fd66daf57f1a96e802ba44b07ce712c8
/assets/images/flag/NA.png|17f102547f2ad6154227108af755dad2
/assets/images/flag/SE.png|b8e45aecfb0ad66627b731f7d5fee095
/assets/images/flag/KW.png|04474a00fd44b8c39fcce5cb6f2b94f7
/assets/images/flag/BI.png|2bc04f56f098abfd22ec8dc9b4d25c6f
/assets/images/flag/CZ.png|c29892cb415d8489c5e4024a867fe8b6
/assets/images/flag/AE.png|ea9875d8e8afafed9f07e63e7fae0b3d
/assets/images/flag/AG.png|3e96767508f891bee4e18b0879197059
/assets/images/flag/PW.png|b5ae6117e7e8c6c506f4ec2bed045e33
/assets/images/flag/YT.png|cc1fc719aa70170cf59aa97989f32fca
/assets/images/flag/JM.png|3d54284d8d3cb58632a152175cb42866
/assets/images/flag/DZ.png|96aecc1300df553a35b3758e3ecfba3e
/assets/images/flag/AW.png|ec19a347739ea0e70970e2a604614837
/assets/images/flag/IM.png|9a71aa37ec75db5858d66cf3a9a943f4
/assets/images/flag/UG.png|2e03029719fda3470ee6263150a7466b
/assets/images/flag/MK.png|a58f238f52c62e8eb54fa6d056c37d38
/assets/images/flag/LT.png|6a8428cf97967d9726f9a78277fec777
/assets/images/flag/WS.png|dbfe225a535339b992abd582c9e69037
/assets/images/flag/MZ.png|04cfeaaf203ceb1ffc56d95914956d3d
/assets/images/flag/FO.png|0268b567af566647f953d8c3524c9ca7
/assets/images/flag/ZA.png|55dc8a9767f651d0c1f81dc47580f5d8
/assets/images/flag/FK.png|38cba6706a7246740309b9ca0fbc0b73
/assets/images/flag/TW.png|6ae84dc3a37d433ee650f0089a8e8f4f
/assets/images/flag/SZ.png|cba65b0b5c6d94904dcba4f3150c5ca8
/assets/images/flag/UZ.png|9cd7f3e20f89d37e4a2854f30622d27a
/assets/images/flag/NP.png|3885515ee4827a6d374e0bbcc3ddaaef
/assets/images/flag/KP.png|6b12eacf3bd315e433ba0b1eacf9d802
/assets/images/flag/CY.png|eb2365a3603d60aff08f3c50cc87f249
/assets/images/flag/CK.png|3859da524e0ff3fedf39784da126a647
/assets/images/flag/MC.png|85754149e4307e821f27c80389263d6e
/assets/images/flag/KE.png|ba0a3ef22e0a59d8db268ae25d4fcb77
/assets/images/flag/UA.png|01969d09f7817a4ed6b9f152123fd5fa
/assets/images/flag/GW.png|9103e6399b262a7ad40a5d06e0ea8ecd
/assets/images/flag/GE.png|6ece075c9a93ba4cabbd65f015fa91b3
/assets/images/flag/EE.png|9d2fe6fa37282535b72b5b4428e02a1d
/assets/images/flag/TZ.png|aeab49fe6ea2334ee06286245759f40a
/assets/images/flag/AT.png|d94ad12cbb42e07163dad620027b3a80
/assets/images/flag/CI.png|06b9dd31f9661b9a162857eef2f33cc2
/assets/images/flag/SK.png|6bfe648618589d94ccad3c6e27aec692
/assets/images/flag/MM.png|96647eab72c5fe93e4be84e1c5f3d7a7
/assets/images/flag/AF.png|49d77e12111afc3d4194ade2664d286f
/assets/images/flag/FI.png|6bfdcba08d5eac28c8b2f444d403fbd7
/assets/images/flag/MH.png|14bc97a69158b9c8b513b4b4adc6b861
/assets/images/flag/MD.png|2b7d7b14d52f8fe8d800c000f2ddd0a9
/assets/images/flag/BR.png|8f5c8e3aec893ab67e226a15db7cf0c0
/assets/images/flag/TF.png|cc1fc719aa70170cf59aa97989f32fca
/assets/images/flag/HR.png|24cb403f2615ba725761dfbbcb843cfa
/assets/images/flag/KG.png|aa27c4a8269656e2b7e22ee2782869fd
/assets/images/flag/BY.png|30eb3989b884d4aed254eef073a21e9f
/assets/images/flag/ML.png|a902428bbc6d2e20381b5f4a58ffc750
/assets/images/flag/EC.png|061930954ddd6fb786cd4060f0876fce
/assets/images/flag/QA.png|f38b2d29e8a446e5764d5258c8afd6eb
/assets/images/flag/SX.png|f9da0a905e9fec2ff6a12d52b0bae61c
/assets/images/flag/NZ.png|c9eb80f47846f678803710fd86e4fb91
/assets/images/flag/RO.png|0701088a3c572a894daa458455c957f1
/assets/images/flag/GT.png|d4b7180e1da0f1f2baede267bec4d045
/assets/images/flag/PS.png|f9f7ff5e3c9d12173aca821154719f7e
/assets/images/flag/VU.png|cade21feef734a691c19396d4cacd4d4
/assets/images/flag/TJ.png|725785afd7652b97fc79b9f9a2219759
/assets/images/flag/TG.png|e2cf3a5f662ba166b85bf7a224d9ded9
/assets/images/flag/MG.png|1d31e4ce165056179bbe39248a7170cc
/assets/images/flag/LB.png|a40045be63d6f413ff91c9b5867aa880
/assets/images/flag/OM.png|03760a212630cc7c0e5471df8281355e
/assets/images/flag/SH.png|ecfd4b85afd85b8bf8c531f8e6255cae
/assets/images/flag/US.png|96becb321dbd9e9fab92cf6b3c9b5163
/assets/images/flag/MA.png|b9214415961f794af1034dab0cace3b3
/assets/images/flag/NC.png|cc1fc719aa70170cf59aa97989f32fca
/assets/images/flag/CH.png|d3f7ffa92fc89d18ecf93a210dcbd046
/assets/images/flag/GY.png|ab7cebdcd0f057c92edb1d92d4c45ed1
/assets/images/flag/KH.png|0ffb252a38a5001bd776633c7d294063
/assets/images/flag/OTHERS.png|ca92647387865e00fd0128eea3c0b3f0
/assets/images/flag/NG.png|bd9daa305a8a954cffaff6649a464b5d
/assets/images/flag/KY.png|ecfd4b85afd85b8bf8c531f8e6255cae
/assets/images/flag/AN.png|a8c499377e0868f60a435229aa146fb1
/assets/images/flag/WF.png|cc1fc719aa70170cf59aa97989f32fca
/assets/images/flag/TM.png|58f31979cd5840ed53c4c0244226ad88
/assets/images/flag/PG.png|e13e005b63bc30978dc3e4232623e8d1
/assets/images/flag/TO.png|59a189738b32f9e766c913ed9296de03
/assets/images/flag/GB.png|ecfd4b85afd85b8bf8c531f8e6255cae
/assets/images/flag/PT.png|2e7c7be8522b84c10ac8c584c3932fab
/assets/images/flag/LC.png|92badafa246492aed1cffb0bb913a21b
/assets/images/flag/RE.png|cc1fc719aa70170cf59aa97989f32fca
/assets/images/flag/LU.png|b30b097b3f764af26f3fc551e10b62fa
/assets/images/flag/LK.png|4af94d1108d1dbd3daee42e5d7027e73
/assets/images/flag/SL.png|262fe618a191d0d8a60bc364746d3c04
/assets/images/flag/AI.png|59b67277582e2170cfe037c35ba4ed7a
/assets/images/flag/ZM.png|90feb476b1cf845ec389074f32585c34
/assets/images/flag/NO.png|e3fa15f998178a590461f1fc6a0d2de8
/assets/images/flag/HU.png|aa1de41f497f81700e4bbf862e3454ee
/assets/images/flag/PL.png|08b70dfd937f53fc448e084334df133d
/assets/images/flag/FM.png|6ade62bece03f1d514fdbccdda641de1
/assets/images/flag/MT.png|a31f908619bd13739d39dfca7d3900a4
/assets/images/flag/GF.png|cc1fc719aa70170cf59aa97989f32fca
/assets/images/flag/BJ.png|e0db6fe266bf66ddebe037bc574a930d
/assets/images/flag/CN.png|9e22cff886b227b7c66a7299cee60c4a
/assets/images/flag/DO.png|7ca29ece3c9d65228080ba12e0be8940
/assets/images/flag/BW.png|5fb1b531e34de1e246560f3a9defefe2
/assets/images/flag/BL.png|cc1fc719aa70170cf59aa97989f32fca
/assets/images/flag/BA.png|0ca33f9b22f6317781e167a74843a19e
/assets/images/flag/SA.png|fa0d37fefbcb03be08a96ff39c35e9fb
/assets/images/flag/AQ.png|7b496e199605b532dba8319044097d7e
/assets/images/flag/MY.png|1e8b313da9168f9b03b235d2952e142b
/assets/images/flag/AD.png|ca92647387865e00fd0128eea3c0b3f0
/assets/images/flag/BQ.png|f9da0a905e9fec2ff6a12d52b0bae61c
/assets/images/flag/GR.png|1490aa27b7e0f14ac0757139cf3804fa
/assets/images/flag/BT.png|3d1dd6d51b8706976d8e52985f572dd1
/assets/images/flag/MS.png|ecfd4b85afd85b8bf8c531f8e6255cae
/assets/images/flag/TH.png|04ae701cf5d13862c0badd8f931844b6
/assets/images/flag/BF.png|80b84a563590f903257bfe44f1332870
/assets/images/flag/AL.png|5d34661c52bbda24fb4a49adf5ef82a0
/assets/images/flag/BD.png|ea5f4a802e6b2969197551c64750b9a6
/assets/images/flag/MN.png|6b459e34b09e6eb540ca41ff45f5d978
/assets/images/flag/ZW.png|7d535d7ed7bb8fad8684610d869c4058
/assets/images/flag/IS.png|e3afdbe32403f05ab6bed0acd8336604
/assets/images/flag/ID.png|85754149e4307e821f27c80389263d6e
/assets/images/flag/RS.png|6e44d2f1b54aeb9f6a470796c05307b8
/assets/images/flag/IN.png|c1b8cf0460974ae1739a2f0ee72a0a36
/assets/images/flag/RW.png|3c21dcfbee72c5a9229317ba9e3b9cdb
/assets/images/flag/SO.png|053a1a934a1e0e0e3c4b455c3a0bf1db
/assets/images/flag/IQ.png|e80063e93b8c7a79490dfcfae80b6aae
/assets/images/flag/SM.png|ad4c6e282255da7434889bd83a069286
/assets/images/flag/LR.png|88412f2e2d5322bdd1d10f011fda38e3
/assets/images/flag/AZ.png|eed74a4b4d1d9320554380ecd298c603
/assets/images/flag/BS.png|9bd57b913f78269f420d06006adc4881
/assets/images/flag/AM.png|3461136703e8e2b5dffe869e3e086ce1
/assets/images/flag/TA.png|ecfd4b85afd85b8bf8c531f8e6255cae
/assets/images/flag/VA.png|14a0946355567991035d1c4a235b7890
/assets/images/flag/SG.png|f0f0bb2bf6639e472ef6ff90f9eaf0c7
/assets/images/flag/SB.png|bf3795be21421952a58ca2039aaaf5b5
/assets/images/flag/NE.png|fc09575c0fabcb08e083e2b25f8e4343
/assets/images/flag/CA.png|959ca28fd07235ef971d3ea388c16397
/assets/images/flag/HM.png|ab3991ad7489bf384fb5446222bb48c6
/assets/images/flag/IC.png|6db63d7e4bee7add3ead8eb95c9668e8
/assets/images/flag/HN.png|e969c09f78ba886511b46ac692d9f204
/assets/images/flag/GS.png|fcfa6d9375d344cdad3cba278059f9dc
/assets/images/flag/KR.png|26ddd3e45a9a097d781fd1c9cfddc468
/assets/images/flag/GG.png|d104842e7f86efd100c0ee29a0fa40ca
/assets/images/flag/PN.png|dc374e50b3c4d72a5663d422d276776a
/assets/images/flag/KN.png|73c41ac33b42de3aa30fca903333f7fb
/assets/images/flag/SJ.png|e3fa15f998178a590461f1fc6a0d2de8
/assets/images/flag/GA.png|334f0731d029c587625f0b7b98e6e17d
/assets/images/flag/CU.png|4ba302408d9eddb58f79ef741668bf3b
/assets/images/home-settings.png|4f7751e943137d3c10b71da358f7b1d7
/assets/images/tick.png|93392d528788c75f2c61f48632e3a93e
/assets/images/lengow-white-big.png|6e6178f2db21104a157aebb27f9a5ca2
/assets/images/home-products.png|99ff45448ea094f8c70b58a0cd4d9303
/assets/images/connected-lengow.png|c80e8065bd5d1568efca50388622fd42
/assets/images/logo-blue.png|20c05b7249c00f126861223ecc5b6ce9
/assets/css/bootstrap-datepicker.css|d5260247b97663d887f4efe8ec894353
/assets/css/font-awesome.css|bf4b58c946c9234e4a6b9f7a70d38006
/assets/css/lengow-box-order.css|ec886b46c46271d187c9a78118a253a3
/assets/css/select2.css|8969ac4614d64a13dfc32e1eb4e731f7
/assets/css/lengow-pages.css|39e072db82f9b9d48c4130502fbd4fda
/assets/css/lengow-layout.css|8a8b603ec6e59cf83c528c050ff48098
/assets/css/lengow-components.css|47352a216c791319afb3b719e8b1ad0f
/assets/fonts/fontawesome-webfont.eot|32400f4e08932a94d8bfd2422702c446
/assets/fonts/fontawesome-webfont.woff|a35720c2fed2c7f043bc7e4ffb45e073
/assets/fonts/fontawesome-webfont.woff2|db812d8a70a4e88e888744c1c9a27e89
/assets/fonts/fontawesome-webfont.svg|f775f9cca88e21d45bebe185b27c0e5b
/assets/fonts/fontawesome-webfont.ttf|a3de2170e4e9df77161ea5d3f31b2668
/assets/fonts/FontAwesome.otf|87d8ca3ddc57e7d2da6226e480f90457
/includes/frontend/views/tracker/html-tracker.php|13d548874392feb557d5f77490f31cd6
/includes/frontend/class-lengow-tracker.php|2a21c738c9438b0b4710ca2cc8df829d
/includes/class-lengow-exception.php|6625be649f271218c55d1a67c84dfebb
/includes/class-lengow-sync.php|7f7e5376db6a8c8fa8df5f0c5bc9dfc3
/includes/class-lengow-payment.php|bbed67651c6824349e8906d8862708e0
/includes/class-lengow-feed.php|9715448ef3d267f2c9ad9ae2e6807d99
/includes/class-lengow-address.php|af43b214d33c932ed2f59b05fb09e489
/includes/class-lengow-install.php|9cd7faa792f30f9c38dcf5007c2125b9
/includes/class-lengow-hook.php|4061a597d6c4228356f722e1cf654519
/includes/class-lengow-catalog.php|48e9efefe08125e8a8bec7152eb93f3c
/includes/class-lengow-action.php|2705c8b0b7406580e7aea89309cbf2dc
/includes/class-lengow-order-line.php|da9907b79052af8c1b7c1c327b3e2359
/includes/class-lengow-main.php|a8191280a646a7d47288ee25f048ddf0
/includes/class-lengow-order-error.php|123b59b30c64ac1b72cc0eefbd29b0a0
/includes/class-lengow-product.php|adfc0169f3536dc6c2c57d52216ec46d
/includes/class-lengow-translation.php|6edca64ec59300d6e9f451621517374f
/includes/class-lengow-connector.php|29d022b155ec3096c9c0c3fb1a255793
/includes/class-lengow-marketplace.php|c9493ab89cbeb1eeaa8b4896c5fdd913
/includes/class-lengow-configuration.php|fd8e9de40d5a63e317ed66525f3ee31d
/includes/admin/class-lengow-box-order-shipping.php|9e869d8d97d35cf677ae9787b3a3fb90
/includes/admin/class-lengow-admin-products.php|04e6f14990c924428b11fcacdd64d8c2
/includes/admin/class-lengow-admin-legals.php|9c0dc4982b44cb93f4c209fa96c93f19
/includes/admin/class-lengow-admin-help.php|c3eeede9ec341fa22695179bcb265073
/includes/admin/views/connection/html-admin-connection-catalog.php|5a9def0e9567de0f6fdac3888aafd4b8
/includes/admin/views/connection/html-admin-connection.php|67a11a67d5d1a91eed27a554b72540fe
/includes/admin/views/connection/html-admin-connection-catalog-failed.php|3ca16805e683d479d2261a5ddbc220e3
/includes/admin/views/connection/html-admin-connection-cms.php|ea252fa4dc0101a57f1644cf895cfd41
/includes/admin/views/connection/html-admin-connection-cms-result.php|513508d43aa42f9d06b1b643398907d2
/includes/admin/views/html-admin-header.php|8245cae3e9991eb3be189f266dd433af
/includes/admin/views/box-order-info/html-order-info.php|e215ab0012083ea68a3051c7b7bb0c6e
/includes/admin/views/html-admin-header-order.php|7fc7aff27f9e9a0ee4d2dcd5b4cb0b10
/includes/admin/views/products/html-admin-products.php|57eb8ad29d356f8d41590b18ab5756e6
/includes/admin/views/order-settings/html-admin-order-settings.php|c040599c66484cffc546178c2009933d
/includes/admin/views/help/html-admin-help.php|ef2554d0eceb891863fdb91aeea80f61
/includes/admin/views/html-admin-footer.php|0d8ffaa00d83b1537f9061d0582202c7
/includes/admin/views/legals/html-admin-legals.php|2707e90cd7f5bc3d06db51ec9ab21c0d
/includes/admin/views/main-settings/html-admin-main-settings.php|3c63fd9aeb1f270ac90b6cb7a17da682
/includes/admin/views/toolbox/html-admin-toolbox.php|5e84fb3160fd10ad5ede74b85da9be9f
/includes/admin/views/orders/html-admin-orders.php|87865819cc291913a04d1c3158398739
/includes/admin/views/dashboard/html-admin-dashboard.php|5bc8248d3e10ec4d54dd63590810a692
/includes/admin/views/dashboard/html-admin-status.php|6915b1eb1e55f7cacec069bb59ee0781
/includes/admin/views/box-order-shipping/html-order-shipping.php|fb8477271ca103ba5d523d99c12899d9
/includes/admin/class-lengow-admin-connection.php|8d62efaf99d3b082b4103ae4f4712285
/includes/admin/class-lengow-admin-order-settings.php|9d93f61d46104659f8acef49430a1368
/includes/admin/class-lengow-admin-toolbox.php|f76cf77e0f3399df6c1d36b22567b37f
/includes/admin/class-lengow-admin.php|f44fbbf174b1617c933370ba1ab4be35
/includes/admin/class-lengow-box-order-info.php|773c9cfb94c2d4caab16df3c45e78485
/includes/admin/class-lengow-admin-orders.php|bb7e6ec1472ad33600e9e1b673b1ed1d
/includes/admin/class-lengow-admin-dashboard.php|c19a6b942216f58290ef30edb0823efa
/includes/admin/class-lengow-admin-main-settings.php|5cfb52bafb28fc1dc1502a6250eb03fa
/includes/class-lengow-crud.php|a930268985a3cb7ecb3319a531449660
/includes/class-lengow-file.php|19f5c28b4aeafc7130cf6d284ab03f6f
/includes/class-lengow-toolbox.php|4ac92a11127de5cf41877d24b869fd36
/includes/class-lengow-import.php|dbd8189ae56c69b5e21f2604ca4ff5fc
/includes/class-lengow-import-order.php|31773d49a7c04e13575fab6c3c334c8e
/includes/class-lengow-export.php|c6c8fb9ee095b64fdcf9961a64b00154
/includes/class-lengow-order.php|a5d99e6a907a5800ddab15815aa6d9a7
/includes/class-lengow-toolbox-element.php|2fe1e4f4b6b9ac00baa51875e85e305e
/includes/class-lengow-log.php|7b9d91f744c4f01ec8c25903023605c3
/languages/lengow-fr_FR.po|13425fbae772302a0ff936850bfa658e
/languages/lengow-fr_FR.mo|c159535a9cf5b734a8bdb2d450e0971b
/upgrade/update_2.3.2.php|1bc70e9b3661efd1e0349b449d0484be
/upgrade/update_2.0.0.php|ba0c85bb492127a9ed25eed79001168d
/upgrade/update_2.2.0.php|fc6a28f59d5b8330588ff2648dd24fcb
/upgrade/update_2.3.3.php|44d0124a73a729474b8cc359238f5e16
/upgrade/update_2.0.1.php|efb9f329f1b6cd22b5e8173db0f2be4d
/webservice/export.php|06566bfe20121d5bc03cad3709b76c12
/webservice/toolbox.php|df7bd494a7b28febe79634dc64809141
/webservice/cron.php|a44776d1716d85976137c5c0b87e3b59
